{"noiseKey":{"private":{"type":"Buffer","data":"ENW6ARBLW69lYlkJsr5TBSHtMSnzYE107mgOnlCH0Ws="},"public":{"type":"Buffer","data":"Tw0ltzH6BSXSov0uDMfr/TptgY8YXsNWtuSaEmViyB0="}},"pairingEphemeralKeyPair":{"private":{"type":"Buffer","data":"4MdQVIsTFhGbsFVJsIlsIvjEudfYHx3gZL1xAfwi1G0="},"public":{"type":"Buffer","data":"t6DrcIxDrktOy5nEbVNY3liaSgcMuuG+asfEpUYm41s="}},"signedIdentityKey":{"private":{"type":"Buffer","data":"qNVm7VxouqJhLV8+mxixIlN27fNk3B362/U6UU/jfE0="},"public":{"type":"Buffer","data":"s1hW6HrjuTCTrSjuEklybKttVgyr3Q54g909md7ZMF4="}},"signedPreKey":{"keyPair":{"private":{"type":"Buffer","data":"AILwav+WFPu5h15wh7zkXNTm2S2V8DDGlu3UepiZl2E="},"public":{"type":"Buffer","data":"kj6BWRz3XOMVSpzUWX4I8xgc1MTcPAqgcN5xg+i5NDs="}},"signature":{"type":"Buffer","data":"yKc6I44MnnPOxmajij6QHalXcTy8DUIQhrAJ+/ktCXnea5WsUr1q5ZbD1Rf6wHtON7W/bGegfezp2ktHoc5FgQ=="},"keyId":1},"registrationId":245,"advSecretKey":"UW8yupsXZYXJUlCc/2vV6c5fRkPK9BQU8QEOO7EmnGc=","processedHistoryMessages":[{"key":{"remoteJid":"254711111111@s.whatsapp.net","fromMe":true,"id":"F17FC6A501B592D6CC7D3789BC4FC0E0"},"messageTimestamp":1720171035}],"nextPreKeyId":31,"firstUnuploadedPreKeyId":31,"accountSyncCounter":0,"accountSettings":{"unarchiveChats":false},"deviceId":"L7HJgu4BQGm6kxOwzmYHdQ","phoneId":"73e611f1-cfc5-4c7b-b4c1-3969996bad20","identityId":{"type":"Buffer","data":"ftPLjmXwm0CqQeJbUw9DURgoSbM="},"registered":true,"backupToken":{"type":"Buffer","data":"jPB7FidJngOYh3moxUxGmcDZCQc="},"registration":{},"pairingCode":"1RMJKP9L","me":{"id":"254711111111:11@s.whatsapp.net","lid":"224790468128931:11@lid"},"account":{"details":"CKWG8akCEIb0nrQGGAEgACgA","accountSignatureKey":"azs9C8W3jlXWcBQYAjcHqdJA30V6q6BXIksku33CvB0=","accountSignature":"3MRyEq5R/ghs9yXFFTHNkpQV4zOODVwbIWItumqKxYBASqnUDowRnoFKZux0WybvkzlJN/5pmLkW2c8D3TQWAA==","deviceSignature":"eKIpL85mzgElP/0BL4uYrLeNQP5Iw6neEAX4clLtNQyI4TP2d0Ue0EiIXEmzyhNZhZuBaulAr5azeqCoHVfuiA=="},"signalIdentities":[{"identifier":{"name":"25471111111:11@s.whatsapp.net","deviceId":0},"identifierKey":{"type":"Buffer","data":"BWs7PQvFt45V1nAUGAI3B6nSQN9FequgVyJLJLt9wrwd"}}],"platform":"android","routingInfo":{"type":"Buffer","data":"CA0IDA=="},"lastAccountSyncTimestamp":1720171027,"lastPropHash":"3L7dFE","myAppStateKeyId":"AAAAABuz"}
